{"cameraMode":{"drawMode":0,"name":"Shaded","section":"Shading Mode"},"sceneLighting":false,"audioPlay":false,"sceneViewState":{"showFog":true,"showMaterialUpdate":false,"showSkybox":true,"showFlares":true,"showImageEffects":true,"showParticleSystems":true},"in2DMode":false,"pivot":{"x":359.1671142578125,"y":2.568150281906128,"z":89.14230346679688},"rotation":{"x":0.17209970951080323,"y":-0.3089035153388977,"z":0.05730052292346954,"w":0.933636486530304},"size":2.7199177742004396,"orthographic":false}