{"cameraMode":{"drawMode":0,"name":"Shaded","section":"Shading Mode"},"sceneLighting":false,"audioPlay":false,"sceneViewState":{"showFog":true,"showMaterialUpdate":false,"showSkybox":true,"showFlares":true,"showImageEffects":true,"showParticleSystems":true},"in2DMode":false,"pivot":{"x":363.8280334472656,"y":1.856342077255249,"z":94.819580078125},"rotation":{"x":0.08466587960720062,"y":-0.7883726358413696,"z":0.1114191859960556,"w":0.5990710258483887},"size":0.1814061552286148,"orthographic":false}