{"cameraMode":{"drawMode":0,"name":"Shaded","section":"Shading Mode"},"sceneLighting":false,"audioPlay":false,"sceneViewState":{"showFog":true,"showMaterialUpdate":false,"showSkybox":true,"showFlares":true,"showImageEffects":true,"showParticleSystems":true},"in2DMode":false,"pivot":{"x":360.1474914550781,"y":2.0959153175354006,"z":91.99317169189453},"rotation":{"x":-0.22542592883110047,"y":-0.012269126251339913,"z":0.00283587328158319,"w":-0.9741789698600769},"size":32.47848129272461,"orthographic":false}