{"cameraMode":{"drawMode":0,"name":"Shaded","section":"Shading Mode"},"sceneLighting":false,"audioPlay":false,"sceneViewState":{"showFog":true,"showMaterialUpdate":false,"showSkybox":true,"showFlares":true,"showImageEffects":true,"showParticleSystems":true},"in2DMode":false,"pivot":{"x":3.2303709983825685,"y":-8.920175552368164,"z":-5.60944938659668},"rotation":{"x":0.1443297266960144,"y":0.029167935252189637,"z":-0.0042493911460042,"w":0.9890905618667603},"size":2.8578836917877199,"orthographic":false}