{"cameraMode":{"drawMode":0,"name":"Shaded","section":"Shading Mode"},"sceneLighting":false,"audioPlay":false,"sceneViewState":{"showFog":true,"showMaterialUpdate":false,"showSkybox":true,"showFlares":true,"showImageEffects":true,"showParticleSystems":true},"in2DMode":false,"pivot":{"x":358.19000244140627,"y":2.440000057220459,"z":89.29000091552735},"rotation":{"x":-0.01021053921431303,"y":-0.9682528972625732,"z":0.24652382731437684,"w":-0.040102481842041019},"size":2.7199177742004396,"orthographic":false}