{"cameraMode":{"drawMode":0,"name":"Shaded","section":"Shading Mode"},"sceneLighting":false,"audioPlay":false,"sceneViewState":{"showFog":true,"showMaterialUpdate":false,"showSkybox":true,"showFlares":true,"showImageEffects":true,"showParticleSystems":true},"in2DMode":false,"pivot":{"x":0.000013753771781921387,"y":-1.4901161193847657e-7,"z":0.0000015050172805786133},"rotation":{"x":-0.02632848732173443,"y":-0.07170797139406204,"z":0.0018935240805149079,"w":-0.9970763921737671},"size":0.9002082943916321,"orthographic":false}