{"cameraMode":{"drawMode":0,"name":"Shaded","section":"Shading Mode"},"sceneLighting":false,"audioPlay":false,"sceneViewState":{"showFog":true,"showMaterialUpdate":false,"showSkybox":true,"showFlares":true,"showImageEffects":true,"showParticleSystems":true},"in2DMode":false,"pivot":{"x":389.6499938964844,"y":10.770000457763672,"z":98.56999969482422},"rotation":{"x":0.14388813078403474,"y":0.28629758954048159,"z":-0.04352502152323723,"w":0.9462745189666748},"size":2.4001851081848146,"orthographic":false}