{"cameraMode":{"drawMode":0,"name":"Shaded","section":"Shading Mode"},"sceneLighting":false,"audioPlay":false,"sceneViewState":{"showFog":true,"showMaterialUpdate":false,"showSkybox":true,"showFlares":true,"showImageEffects":true,"showParticleSystems":true},"in2DMode":false,"pivot":{"x":356.27117919921877,"y":2.5887351036071779,"z":88.9896469116211},"rotation":{"x":0.05941050127148628,"y":-0.8355314135551453,"z":0.09208939969539643,"w":0.5384025573730469},"size":4.218344688415527,"orthographic":false}