{"cameraMode":{"drawMode":0,"name":"Shaded","section":"Shading Mode"},"sceneLighting":false,"audioPlay":false,"sceneViewState":{"showFog":true,"showMaterialUpdate":false,"showSkybox":true,"showFlares":true,"showImageEffects":true,"showParticleSystems":true},"in2DMode":false,"pivot":{"x":5.733053207397461,"y":-1.470041275024414,"z":-0.35843658447265627},"rotation":{"x":0.1443297266960144,"y":0.029167935252189637,"z":-0.0042493911460042,"w":0.9890905618667603},"size":2.2578837871551515,"orthographic":false}