{"cameraMode":{"drawMode":0,"name":"Shaded","section":"Shading Mode"},"sceneLighting":false,"audioPlay":false,"sceneViewState":{"showFog":true,"showMaterialUpdate":false,"showSkybox":true,"showFlares":true,"showImageEffects":true,"showParticleSystems":true},"in2DMode":false,"pivot":{"x":358.19000244140627,"y":2.440000057220459,"z":89.29000091552735},"rotation":{"x":-0.042354147881269458,"y":0.9546982645988464,"z":-0.24307267367839814,"w":-0.16635221242904664},"size":2.7199177742004396,"orthographic":false}