{"cameraMode":{"drawMode":0,"name":"Shaded","section":"Shading Mode"},"sceneLighting":false,"audioPlay":false,"sceneViewState":{"showFog":true,"showMaterialUpdate":false,"showSkybox":true,"showFlares":true,"showImageEffects":true,"showParticleSystems":true},"in2DMode":false,"pivot":{"x":363.8280334472656,"y":1.856342077255249,"z":94.819580078125},"rotation":{"x":-0.01021053921431303,"y":-0.9682528972625732,"z":0.24652382731437684,"w":-0.040102481842041019},"size":0.1814061552286148,"orthographic":false}